<?xml version="1.0" encoding="UTF-8"?>
<panorama id="" hideabout="1">
  <view fovmode="0" pannorth="0">
    <start pan="0" fov="70" tilt="0"/>
    <min pan="0" fov="5" tilt="-90"/>
    <max pan="360" fov="120" tilt="90"/>
  </view>
  <userdata title="" datetime="2016:11:16 18:16:52" description="" copyright="" tags="" author="" source="" comment="" info="" longitude="" latitude=""/>
  <hotspots width="180" height="20" wordwrap="1">
    <label width="180" backgroundalpha="1" enabled="1" height="20" backgroundcolor="0xffffff" bordercolor="0x000000" border="1" textcolor="0x000000" background="1" borderalpha="1" borderradius="1" wordwrap="1" textalpha="1"/>
    <polystyle mode="0" backgroundalpha="0.2509803921568627" backgroundcolor="0x0000ff" bordercolor="0x0000ff" borderalpha="1"/>
  </hotspots>
  <media/>
  <input tile0url="images/plaza df_o_0.jpg" prev5url="images/plaza df_o_preview_5.jpg" prev4url="images/plaza df_o_preview_4.jpg" prev3url="images/plaza df_o_preview_3.jpg" prev2url="images/plaza df_o_preview_2.jpg" prev1url="images/plaza df_o_preview_1.jpg" prev0url="images/plaza df_o_preview_0.jpg" tile5url="images/plaza df_o_5.jpg" tilesize="861" tile4url="images/plaza df_o_4.jpg" tile3url="images/plaza df_o_3.jpg" tilescale="1.011614401858304" tile2url="images/plaza df_o_2.jpg" tile1url="images/plaza df_o_1.jpg">
    <preview color="0x808080"/>
  </input>
  <autorotate speed="0.200" nodedelay="0.00" startloaded="0" returntohorizon="0.000" delay="5.00" noderandom="1"/>
  <control simulatemass="1" lockedmouse="0" lockedkeyboard="0" dblclickfullscreen="0" invertwheel="0" lockedwheel="0" invertcontrol="1" speedwheel="1" sensitivity="8"/>
</panorama>
